Name,Chords
Os Paralamas do Sucesso - Óculos,"[Intro]  E  A  B
         C#m  A

E|----4-4-4-4-4----------------------5-4--4--------|
B|----5-5-5-5-5--5-5-5-5-5--7-7-7--7-7-5--5--2-4---|
G|---------------6-6-6-6-6--8-8-8--8---------2-4---|
D|-------------------------------------------------|
A|-------------------------------------------------|
E|-------------------------------------------------|

 E                A
Se as meninas do Leblon
           B
Não olham mais pra mim
(Eu uso óculos)
E
  E volta e meia
          A                  B
Eu entro com meu carro pela contramão
(Eu to sem óculos)
E
  Se eu to alegre
            A              B
Eu ponho os óculos e vejo tudo bem
E                                A
  Mas se eu to triste eu tiro os óculos
        B4
Eu não vejo ninguém

C#m     G#m        A               C#m
   Porque você não olha pra mim? Ô ô
    G#m                A             C#m
Me diz o que é que eu tenho de mal ô ô
     G#m        A
Porque você não olha pra mim
      B4                            E  A  B
Por trás dessa lente tem um cara legal
Oi Oi Oi

E             A                  B
  Eu decidir dizer que eu nunca fui o tal
E           A
  Era mais fácil se eu tentasse
                     B
Fazer charme de intelectual
E
  Se eu te disser
        A              B
Periga você não acreditar em mim
E                 A
  Eu não nasci de óculos
       B
Eu não era assim

C#m     G#m        A               C#m
   Porque você não olha pra mim? Ô ô
    G#m                A             C#m
Me diz o que e que eu tenho de mal ô ô
     G#m        A
Porque você não olha pra mim?
      B4
Por trás dessa lente tem um cara legal
C#m      G#m           A            C#m
   Por que você não olha pra mim? Ô ô

C#m      G#m         A               C#m
   Por que você diz sempre que não Ô ô
C#m      G#m
   Por que você não olha pra mim
      B4
Por trás dessa lente também bate um coração"
Lulu Santos - Toda Forma de Amor,"Afinação: E B G D G E

[Intro] G5  Em  D5(9)  C5

Tab - Intro

Parte 1 De 5
   G5
E|-----------------------------------------|
B|-3-3-3-3-3---3-3-3-3-3-3-3---3-3-----3-3-|
G|-0-0-0-0-0h2-0-0-0-0-0-0-2h4-2-0h2p0-0-0-| 
D|-0-2-0-0-0---0-0-0-0-2-0-0---0-------2-0-|
A|-0-0-0-0-0---0-0-0-0-0-0-0---0-------0-0-|
E|-----------------------------------------|

   G5
E|-----------------------------------------|
B|-3-3-3-3-3---3-3-3-3-3-3-3---3-3-----3-3-|
G|-0-0-0-0-0h2-0-0-0-0-0-0-2h4-2-0h2p0-0-0-| 
D|-0-2-0-0-0---0-0-0-0-2-0-0---0-------2-0-|
A|-0-0-0-0-0---0-0-0-0-0-0-0---0-------0-0-|
E|-----------------------------------------|

Parte 2 De 5
   G5
E|-----------------------------------------|
B|-3-3-3-3-3---3-3-3-3-3-3-3---3-3-3-3-----|
G|-0-0-0-0-0h2-0-0-0-0-0-0-2h4-2-0-0-0-----|
D|-0-2-0-0-0---0-0-0-0-2-0-0---0-0-2-0-----|
A|-0-0-0-0-0---0-0-0-0-0-0-0---0-0-0-0-----|
E|-----------------------------------------|

Parte 3 De 5
   Em
E|-----------------------------------------|
B|-----------------------------------------|
G|-0-0-0-0-0h2-0-0-0-0-0-0-2h4-2-0-0-0-----|
D|-0-2-0-0-0---0-0-0-0-2-0-0---0-0-2-0-----|
A|-4-4-4-4-4---4-4-4-4-4-4-4---4-4-4-4-----|
E|-0-0-0-0-0---0-0-0-0-0-0-0---0-0-0-0-----|

Parte 4 De 5
   D5(9)
E|-----------------------------------------|
B|-3-3-3-3-3---3-3-3-3-3-3-3---3-3-3-3-----|
G|-0-0-0-0-0h2-0-0-0-0-0-0-2h4-2-0-0-0-----|
D|-0-2-0-0-0---0-0-0-0-2-0-0---0-0-2-0-----|
A|-----------------------------------------|
E|-----------------------------------------|

Parte 5 De 5
   C5
E|-----------------------------------------|
B|---------------------------------3-------|
G|-5-5-5--4-4-4--2-2-2--4-4-4--5-5-5-------|
D|-5-5-5--5-5-5--5-5-5--5-5-5--5-5-5-------|
A|-5-5-5--5-5-5--5-5-5--5-5-5--5-5-5-------|
E|-----------------------------------------|

[Primeira Parte]

G5
 Eu não pedi pra nascer
Em                      Em7
   Eu não nasci pra perder
D5(9)                               C5
      Nem vou sobrar de vítima das circunstâncias

G5
 Eu tô plugado na vida
Em                       Em7
   Eu tô curando a ferida
D5(9)                          C5             
      Às vezes eu me sinto uma mola encolhida

[Tab - Riff]

Parte 1 De 2
   G5
E|-----------------------------------------|
B|-3-3-3-3-3---3-3-3-3-3-3-3---3-3-----3-3-|
G|-0-0-0-0-0h2-0-0-0-0-0-0-2h4-2-0h2p0-0-0-| 
D|-0-2-0-0-0---0-0-0-0-2-0-0---0-------2-0-|
A|-0-0-0-0-0---0-0-0-0-0-0-0---0-------0-0-|
E|-----------------------------------------|

Parte 2 De 2
   G5
E|-----------------------------------------|
B|-3-3-3-3-3---3-3-3-3-3-3-3---3-3-----3-3-|
G|-0-0-0-0-0h2-0-0-0-0-0-0-2h4-2-0h2p0-0-0-| 
D|-0-2-0-0-0---0-0-0-0-2-0-0---0-------2-0-|
A|-0-0-0-0-0---0-0-0-0-0-0-0---0-------0-0-|
E|-----------------------------------------|

G5
 Você é bem como eu
Em                        Em7
   Conhece o que é ser assim
D5(9)                                C5
      Só que dessa história ninguém sabe o fim

G5
 Você não leva pra casa
Em                      Em7
   Você só traz o que quer
D5(9)                           C5
      Eu sou teu homem, você é minha mulher

[Refrão]

G5
 E a gente vive junto
G5+
    E a gente se dá bem
        C5(9)
Não desejamos mal
    Cm       D5(9)
A quase ninguém

G5
 E a gente vai à luta
G5+
    E conhece a dor
       C5(9)
Consideramos justa
 Cm   D5(9)
Toda forma de amor

[Final] G5

[Tab - Riff Final]

Parte 1 De 2
   G5
E|-----------------------------------------|
B|-3-3-3-3-3---3-3-3-3-3-3-3---3-3-----3-3-|
G|-0-0-0-0-0h2-0-0-0-0-0-0-2h4-2-0h2p0-0-0-| 
D|-0-2-0-0-0---0-0-0-0-2-0-0---0-------2-0-|
A|-0-0-0-0-0---0-0-0-0-0-0-0---0-------0-0-|
E|-----------------------------------------|

Parte 2 De 2
   G5
E|-----------------------------------------|
B|-3-3-3-3-3---3-3-3-3-3-3-3---3-3-----3-3-|
G|-0-0-0-0-0h2-0-0-0-0-0-0-2h4-2-0h2p0-0-0-| 
D|-0-2-0-0-0---0-0-0-0-2-0-0---0-------2-0-|
A|-0-0-0-0-0---0-0-0-0-0-0-0---0-------0-0-|
E|-----------------------------------------|"
Jota Quest - Além do Horizonte,"Bm                E
Além do horizonte existe um lugar
Bm                    E
Bonito e tranqüilo pra gente se amar.

A
lá lá,lálá,lálá,lálá,lálá
                             Bm
lálá,lálá,lálá,lálá,lálá,lá lá lá
E
lálá,lálá,lálá,lálá,lálá
                           (F#m)

F#m
Além do horizonte deve ter
                            Bm
Algum lugar bonito pra viver em paz
E
Onde eu possa encontrar a natureza
                           A
Alegria e felicidade com certeza

F#m
Lá nesse lugar o amanhecer é lindo
                                      Bm
Com flores festejando mais um dia que vem vindo
E
Onde a gente pode se deitar no campo
                                    A
Se amar na relva escutando o canto dos pássaros

F#m
Aproveitar a tarde sem pensar na vida
                                 Bm
Andar despreocupado sem saber a hora de voltar
E
Bronzear o corpo todo sem censura
                              A
Gozar a liberdade de uma vida sem frescura

Bm
Se você não vem comigo
A-Bm
Nada disso tem valor
A-Bm                           A
De que vale o paraíso sem o amor?

Bm
Se você não vem comigo
A-Bm
Tudo isso vai ficar
A-Bm                        A
No horizonte esperando por nós dois

Bm                 E
Além do horizonte existe um lugar
Bm                    E
Bonito e tranqüilo pra gente se amar.

A
lálá,lálá,lálá,lálá,lálá
                            Bm
lálá,lálá,lálá,lálá,lálá,lá lá lá
E
lálá,lálá,lálá,lálá,lálá
                           (A) - 2 Tempos
lálá,lálá,lálá,lálá,lá lá lá lá

Bm
Se você não vem comigo
A-Bm
Nada disso tem valor
A-Bm                       A
De que vale o paraíso sem o amor?

Bm
Se você não vem comigo
A-Bm
Tudo isso vai ficar
A-Bm                        A
No horizonte esperando por nós dois

Bm                 E                  
Além do horizonte existe um lugar       
Bm                    E
Bonito e tranqüilo pra gente se amar.

A
lálá,lálá,lálá,lálá,lálá
                            Bm
lálá,lálá,lálá,lálá,lálá,lá lá lá
E
lálá,lálá,lálá,lálá,lálá
                           (A) - 2 TEMPOS
lálá,lálá,lálá,lálá,lá lá lá lá"
Skank - Vou Deixar,"[Intro]

[Tab - Intro]

E|-0-0-0-0-0-0-0-0-0-0-0-0-0-0-0-0----------|
B|-5-5-3-3-2-2-3-3-5-5-3-3-2-2-3-3----------|
G|------------------------------------------|
D|------------------------------------------|
A|------------------------------------------|
E|------------------------------------------|

E|-0-0-0-0-0-0-0-0-0-0-0-0-0-0-0-0----------|
B|-5-5-3-3-2-2-3-3-5-5-3-3-2-2-0-0----------|
G|------------------------------------------|
D|------------------------------------------|
A|------------------------------------------|
E|------------------------------------------|

[Primeira Estrofe]

        D  F#
Vou deixar
        G       Gm
A vida me levar
                 D  F#
Pra onde ela quiser
          G        Gm
Estou no meu lugar

Você já sabe onde é

[Segunda Estrofe]

D  Bm   G           A            D
       Não conte o tempo por nós   dois
 Bm  G           A
Pois a qualquer hora
         D      Bm
Posso estar de volta
 G            A
Depois que a noite terminar

[Terceira Estrofe]

        D  F#
Vou deixar
        G       Gm
A vida me levar
                 D  F#
Pra onde ela quiser
          G     Gm
Seguir a direção

De uma estrela qualquer

[Quarta Estrofe]

D  Bm  G         A        D       Bm
      Não quero hora pra voltar, não
 G       A         D       Bm
Conheço bem a solidão, me solta

G          A
E deixa a sorte me buscar

[Quinta Estrofe]

Em                        A   Em
   Eu já estou na sua estrada
                     A
Sozinho não enxergo nada

[Sexta Estrofe]

Em            F#m
   Mas vou ficar aqui
  G                F#m  Em
Até que o dia amanheça
          F#m
Vou esquecer de mim
     A
E você se puder não me esqueça

[Sétima Estrofe]

        D  F#
Vou deixar
       G        Gm
O coração bater
                  D  F#
Na madrugada sem fim
          G         Gm
Deixar o sol te ver

Ajoelhada por mim, sim

[Oitava Estrofe]

D  Bm  G         A        D       Bm
      Não tenho hora pra voltar, não
G       A            D     Bm
Eu agradeço tanto a sua escolta
 G           A
Mas deixa a noite terminar

[Nona Estrofe]

Em                        A   Em
   Eu já estou na sua estrada
                     A
Sozinho não enxergo nada

[Décima Estrofe]

Em            F#m
   Mas vou ficar aqui
  G                F#m  Em
Até que o dia amanheça
          F#m
Vou esquecer de mim
     A
E você se puder não me esqueça

[Solo] D  F#  G  Gm

E|-----------------------------------------------------|
B|-3--5--3--5b7rb7r------5--5--5/7\5---3~--------------|
G|-----------------------------------------3---3/5\3\2-|
D|-----------------------------------------------------|
A|-----------------------------------------------------|
E|-----------------------------------------------------|

E|-----------------------------------------------------|
B|-5/7\-----5--5--5/7\5---3~---------------------------|
G|------------------------------3---3/5-3-2------------|
D|-----------------------------------------------------|
A|-----------------------------------------------------|
E|-----------------------------------------------------|

[Final]

( D  Bm  G  A )

E|-----------------------------------------------------|
B|-----3-0---0-----------------------------------------|
G|-2-----------2-0---0---------------------------------|
D|-----------------4-----------------------------------|
A|-----------------------------------------------------|
E|-----------------------------------------------------|

 D    Bm   G         A
Não, não, não quero hora
     D       Bm
Pra voltar, não
 G       A         D       Bm
Conheço bem a solidão, me solta
G          A
E deixa a sorte me buscar

 D    Bm   G         A
Não, não, não tenho hora
     D       Bm
Pra voltar, não
G       A            D     Bm
Eu agradeço tanto a sua escolta
 G           A
Mas deixa a noite terminar

( D  Bm  G  A )"
RPM - Rádio Pirata,"Intro: B E B E

Riff:

E|-------11--11--11--11--11--11--11--11--12--12--12--12--12--12--12--12---|
B|---------12--12--12--12--12--12--12--12--12--12--12--12--12--12--12--12-|
G|------------------------------------------------------------------------| (2x)
D|------------------------------------------------------------------------|
A|------------------------------------------------------------------------|
E|------------------------------------------------------------------------|

B                   E
Abordar navios mercantes
B                                 E
Invadir, pilhar, tomar o que é nosso
   F#                  E
Pirataria nas ondas do rádio
   F#                            E
Havia alguma coisa errada com o rei

(Riff) B E B E

B                      E
Preparar a nossa invasão
B                                 E
E fazer justiça com as próprias mãos
   F#                     E
Dinamitar um paiol de bobagens
   F#                        E
E navegar o mar na tranqüilidade

B         E
Toquem o meu coração
B         E
Façam a revolução
      F#                     E
Que está no ar, nas ondas do rádio
      F#                  E
No submundo repousa o repúdio
                   B   E B  E
E deve despertar...
B                     E
Disputar em cada frequência
B                          E
Um espaço nosso nessa decadência
      F#                                  E
Canções de guerra, quem sabe canções do mar
     F#                      E
Canções de amor ao que vai vingar
B               E
Toquem o meu coração
B        E
Façam a revolução
      F#                       E
Que está no ar, nas ondas do rádio
      F#                     E
No underground repousa o repúdio
                    B  E  B  E
e deve despertar...               (Riff)"
Detonautas - Outro Lugar,"[Intro] B5  A5  G5  D5
        B5  A5  G5

[Tab - Intro]

   B5                                        A5
E|-----------------------------------------------------|
B|-----------------------------------------------------|
G|-9/11--11-11--11-11-11-11--11-11--11-11-11-11\9------|
D|-----------------------------------------------------|
A|-7/9----9--9---9--9--9--9---9--9---9--9--9--9\7------|
E|-----------------------------------------------------|
   ↓      ↓  ↑   ↑  ↓  ↑  ↓   ↓  ↑   ↑  ↓  ↑  ↓

                               G5
E|-----------------------------------------------------|
B|-----------------------------------------------------|
G|-9-9--9-9-9-9--9-9/11--9-9-9-9\7--7-7--7-7-7-7/9-----|
D|-----------------------------------------------------|
A|-7-7--7-7-7-7--7-7/-9--7-7-7-7\5--5-5--5-5-5-5/7-----|
E|-----------------------------------------------------|
   ↓ ↑  ↑ ↓ ↑ ↓  ↓ ↑     ↑ ↓ ↑ ↓    ↓ ↑  ↑ ↓ ↑ ↓

              D5
E|-----------------------------------------------------|
B|-----------------------------------------------------|
G|-7-7--7--7--7--7-7--7-7-7-7/9--9-7--7-9--------------|
D|-----------------------------------------------------|
A|-5-5--5--5--5--5-5--5-5-5-5/7--7-5--5-7--------------|
E|-----------------------------------------------------|
   ↓ ↑  ↑  ↓  ↓  ↓ ↑  ↑ ↓ ↑ ↓    ↓ ↑  ↑ ↓

   B5                                         A5
E|-----------------------------------------------------|
B|-----------------------------------------------------|
G|-9/11--11-11--11-11-11-11/12--12-11--11-12--12/14----|
D|-----------------------------------------------------|
A|-7/-9---9--9---9--9--9--9/10--10--9---9-10--10/12----|
E|-----------------------------------------------------|
   ↓      ↓  ↑   ↑  ↓  ↑  ↓      ↓  ↑   ↑  ↓   ↓

E|-----------------------------------------------------|
B|-----------------------------------------------------|
G|-14-14--14-14-14-14--12-12--11-11\-------------------|
D|-----------------------------------------------------|
A|-12-12--12-12-12-12--10-10---9--9--------------------|
E|-----------------------------------------------------|
    ↓  ↑   ↑  ↓  ↑  ↓   ↓  ↑   ↑  ↓

   G5
E|-----------------------------------------------------|
B|-----------------------------------------------------|
G|-7--7-7--7-7-7-7--7-7--7-7-7-7-----------------------|
D|-----------------------------------------------------|
A|-5--5-5--5-5-5-5--5-5--5-5-5-5-----------------------|
E|-----------------------------------------------------|
   ↓  ↓ ↑  ↑ ↓ ↑ ↓  ↓ ↑  ↑ ↓ ↑ ↓

[Primeira Parte]

                B5              A5
Ainda vou te levar pra outro lugar
  G5             D5
Além do sol, do mar
                  B5       A5
Onde eu possa te ter, te amar
   G5              D5
O tempo vai ser maior

[Segunda Parte]

                        Gm
Não te quero assim tão longe
 F#m    Em                D
Tanto quanto o céu do mar
                     Gm
Quero ter você mais perto
 F#m     Em
Certo, pronto pra te amar
                 
[Terceira Parte]

                B5              A5
Ainda vou te levar pra outro lugar
  G5             D5
Além do sol, do mar
                  B5       A5
Onde eu possa te ter, te amar
   G5              D5
O tempo vai ser maior

[Quarta Parte]

                   Gm
Quero ter o teu encanto
 Gm      F#m             D
Tanto, pra me enfeitiçar
                Gm
Quero ter você mais
 Gm      F#m
Perto, pra poder te amar

[Solo] B5  A5  G5  D5
       B5  A5  G5  D5

[Tab - Solo]

E|-9h10p9-----------------------------------9h10p9-----|
B|---------12--10------10h12~~----10h12--12---------10~|
G|-----------------11----------------------------------|
D|-----------------------------------------------------|
A|-----------------------------------------------------|
E|-----------------------------------------------------|

E|-----------------------------------------------------|
B|-10-10b12r10----10-10b12r10----10--------------------|
G|----------------------------------9h11~--------------|
D|-----------------------------------------------------|
A|-----------------------------------------------------|
E|-----------------------------------------------------|

E|-9h10p9---------------------------10-12-12b14r12--12~|
B|---------12--10------10h12~~--/12--------------------|
G|-----------------11----------------------------------|
D|-----------------------------------------------------|
A|-----------------------------------------------------|
E|-----------------------------------------------------|

E|-17b19--17--15--14-----------------------------------|
B|--------------------17b19r17--15~~-------------------|
G|-----------------------------------------------------|
D|-----------------------------------------------------|
A|-----------------------------------------------------|
E|-----------------------------------------------------|

[Quinta Parte]

[Tab - Guitarra 1]

   Bm                    G6
E|------------------2---------------------0-|
B|-------3--------3------------0--------0---|
G|-----4----4---4------------0----0---0-----|
D|---4--------4------------0--------0-------|
A|-2----------------------------------------|
E|-----------------------3------------------|
   D7M                   A
E|-------2----------2-----------------------|
B|-----2----2---2--------------2------------|
G|---2--------2---2----------2--------------|
D|-0-----------------------2----------------|
A|-----------------------0------------------|
E|------------------------------------------|

E|---------5------3------2------------------|
B|-3--5/7----7\5----5\3---------------------|
G|------------------------------------------|
D|------------------------------------------|
A|------------------------------------------|
E|------------------------------------------|

[Tab - Guitarra 2]

   P.M . . . .  .   . . . .  .   . .         
E|------------------------------------------|
B|------------------------------------------|
G|-6h7-7-7-7-7--6h7-7-7-7-7--6h7-7-7--------|
D|------------------------------------------|
A|------------------------------------------|
E|------------------------------------------|

   Bm         G6        D7M        A
E|-2----------0---------2----------0--------|
B|----3----------0---------2----------0--3p2|
G|-------4----------4---------2-------------|
D|------------------------------------------|
A|------------------------------------------|
E|------------------------------------------|

E|---------5------3------2------------------|
B|-3--5/7----7\5----5\3---------------------|
G|------------------------------------------|
D|------------------------------------------|
A|------------------------------------------|
E|------------------------------------------|

Bm
   Eu podia até tentar acreditar nessa
    G6
Ilusão, não sei por quê

Viagem errada então
D7M
    O meu caminho me levava a acreditar
             A
Que eu tava certo

Que eu era esperto e coisa tal
Bm
   Cara sinistro da zona sul
   G6
Andando com um monte de santinha
                 D7M
Pra lá, e pra cá

Mas com você foi diferente
           A
Foi de primeira

Quando eu te vi, até me faltou o ar

[Sexta Parte]

   B5                                  G5
As oportunidades dessa vida me fazem crer
    
Quando estamos frente a frente
           D5
Só eu e você
             
O tempo passa tudo é mais fácil
   A5
Difícil é esquecer o que eu passo
                B5
Quando você se vai
                               G5
Fico aqui bolando plano mirabolantes

Fico inconstante, pareço iniciante
    D5
Eu vou fazer de tudo
                              A5
Pra trazer você pra perto de mim
                       G5
Pode acreditar que sim

[Sétima Parte]

                B5              A5
Ainda vou te levar pra outro lugar
  G5             D5
Além do sol, do mar
                  B5       A5
Onde eu possa te ter, te amar
   G5              D5
O tempo vai ser maior

[Oitava Parte]

                B5              A5
Ainda vou te levar pra outro lugar
  G5             D5
Além do sol, do mar
                  B5       A5
Onde eu possa te ter, te amar
   G5        D5
O tempo vai ser maior

[Final] B5  A5  G5  D5
        B5  A5  G5

[Tab - Final]

   B5                                        A5
E|-----------------------------------------------------|
B|-----------------------------------------------------|
G|-9/11--11-11--11-11-11-11--11-11--11-11-11-11\9------|
D|-----------------------------------------------------|
A|-7/9----9--9---9--9--9--9---9--9---9--9--9--9\7------|
E|-----------------------------------------------------|
   ↓      ↓  ↑   ↑  ↓  ↑  ↓   ↓  ↑   ↑  ↓  ↑  ↓

                               G5
E|-----------------------------------------------------|
B|-----------------------------------------------------|
G|-9-9--9-9-9-9--9-9/11--9-9-9-9\7--7-7--7-7-7-7/9-----|
D|-----------------------------------------------------|
A|-7-7--7-7-7-7--7-7/-9--7-7-7-7\5--5-5--5-5-5-5/7-----|
E|-----------------------------------------------------|
   ↓ ↑  ↑ ↓ ↑ ↓  ↓ ↑     ↑ ↓ ↑ ↓    ↓ ↑  ↑ ↓ ↑ ↓

              D5
E|-----------------------------------------------------|
B|-----------------------------------------------------|
G|-7-7--7--7--7--7-7--7-7-7-7/9--9-7--7-9--------------|
D|-----------------------------------------------------|
A|-5-5--5--5--5--5-5--5-5-5-5/7--7-5--5-7--------------|
E|-----------------------------------------------------|
   ↓ ↑  ↑  ↓  ↓  ↓ ↑  ↑ ↓ ↑ ↓    ↓ ↑  ↑ ↓

   B5                                         A5
E|-----------------------------------------------------|
B|-----------------------------------------------------|
G|-9/11--11-11--11-11-11-11/12--12-11--11-12--12/14----|
D|-----------------------------------------------------|
A|-7/-9---9--9---9--9--9--9/10--10--9---9-10--10/12----|
E|-----------------------------------------------------|
   ↓      ↓  ↑   ↑  ↓  ↑  ↓      ↓  ↑   ↑  ↓   ↓

E|-----------------------------------------------------|
B|-----------------------------------------------------|
G|-14-14--14-14-14-14--12-12--11-11\-------------------|
D|-----------------------------------------------------|
A|-12-12--12-12-12-12--10-10---9--9--------------------|
E|-----------------------------------------------------|
    ↓  ↑   ↑  ↓  ↑  ↓   ↓  ↑   ↑  ↓

   G5
E|-----------------------------------------------------|
B|-----------------------------------------------------|
G|-7--7-7--7-7-7-14--12-12--11-11\--7------------------|
D|-----------------------------------------------------|
A|-5--5-5--5-5-5-12--10-10---9--9\--5------------------|
E|-----------------------------------------------------|
   ↓  ↓ ↑  ↑ ↓ ↑  ↓   ↓  ↑   ↑  ↓   ↓               

E|-----------------------------------------------------|
B|-----------------------------------------------------|
G|-7/9--9--9/11--7-------------------------------------|
D|-----------------------------------------------------|
A|-5/7--7--7/-9--5-------------------------------------|
E|-----------------------------------------------------|
   ↓    ↓  ↓     ↓"
CPM 22 - Um Minuto Para O Fim Do Mundo,
Charlie Brown Jr. - Te Levar Daqui,
Raimundos - Mulher de fases,
Capital Inicial - Primeiros Erros,"[Intro] D5(9)  D  E/D
        D5(9)  D  E/D
        D9  D5(9)/C#  G6/B
        D9  D5(9)/C#  G6/B

Parte 1 de 2

   D5(9)            D     E/D
E|-5-5--2h5---5-5-5-2-2-2/4-------4--------|
B|-3-3------5-------3-3-3/5-5---7---5------|
G|-2-2--------------2-2-2/4---4-------4----|
D|-0----------------0----------------------|
A|-----------------------------------------|
E|-----------------------------------------|

E|---4-----4-------------------------------|
B|-7---5---5-------------------------------|
G|-------4-4-------------------------------|
D|---------0-------------------------------|
A|-----------------------------------------|
E|-----------------------------------------|

   D5(9)            D     E/D
E|-5-5--2h5---5-5-5-2-2-2/4-------4--------|
B|-3-3------5-------3-3-3/5-5---7---5------|
G|-2-2--------------2-2-2/4---4-------4----|
D|-0----------------0----------------------|
A|-----------------------------------------|
E|-----------------------------------------|

E|---4-------4-----------------------------|
B|-7---5---7---5---------------------------|
G|-------4-------4-------------------------|
D|-----------------------------------------|
A|-----------------------------------------|
E|-----------------------------------------|

Parte 2 de 2

   D9              D5(9/C#)
E|-0---------------------------------------|
B|-10------10---------10------10-----------|
G|-11--11--11--11--9--9----9--9---9--------|
D|-0---0---0---0---0-------0------0--------|
A|-----------------------------------------|
E|-----------------9-----9------9----------|

    G/B
E|-------------------------7---------------|
B|---8------8--------8-----8---------------|
G|-7-7---7--7---7--7-7---7-----7-----------|
D|-0-----0------0--0-----0-----0-----------|
A|-----------------------------------------|
E|-7---7------7----7---7-----7-------------|

[Primeira Parte]

D5(9)        D5(7M/9)          D5(9)
      Meu caminho é cada manhã
         D5(7M/9)          Bm7(11)
 Não procure saber onde estou
        Bm7(9/11)         Bm7(11)
Meu destino não é de ninguém
          A4(7)                    D5(9)
E eu não deixo os meus passos no chão
      D5(7M/9)           D5(9)
Se você não entende não vê
           D5(7M/9)      Bm7(11)
Se não me vê não entende
        Bm7(9/11)         Bm7(11)
Não procure saber onde estou
          Bm7(9/11)     G7M
Se o meu jeito te surpreende

[Segunda Parte]

          G4+(6)        G7M
Se o meu corpo virasse sol
            G4+(6)        Em7(9)
Se a minha mente virasse sol
         Em7(13)    Em7(9)
Mas só chove, chove
  Em7(13)
Chove, chove

( D9  D5(9)/C#  G6/B )
( D9  D5(9)/C#  G6/B )

[Primeira Parte]

D5(9)        D5(7M/9)       D5(9)
      Se um dia eu pudesse ver
        D5(7M/9)    Bm7(11)
Meu passado inteiro
     Bm7(9/11)         Bm7(11)
E fizesse parar de chover
        Bm7(9/11)   G7M
Nos primeiros erros

[Segunda Parte]

     G4+(6)        G7M
Meu corpo viraria sol
       G4+(6)        Em7(9)
Minha mente viraria sol
         Em7(13)    Em7(9)
Mas só chove, chove
  Em7(13)    G7M
Chove, chove

     G4+(6)        G7M
Meu corpo viraria sol
       G4+(6)       Em7(9)
Minha mente viraria
         Em7(13)    Em7(9)
Mas só chove, chove
  Em7(13)
Chove, chove

( D  E/D )
( D  E/D )

[Primeira Parte]

D5(9)        D5(7M/9)       D5(9)
      Se um dia eu pudesse ver
        D5(7M/9)    Bm7(11)
Meu passado inteiro
     Bm7(9/11)         Bm7(11)
E fizesse parar de chover
        Bm7(9/11)   G7M
Nos primeiros erros

[Segunda Parte]

[Segunda Parte]

     G4+(6)        G7M
Meu corpo viraria sol
       G4+(6)        Em7(9)
Minha mente viraria sol
         Em7(13)    Em7(9)
Mas só chove, chove
  Em7(13)    G7M
Chove, chove

     G4+(6)        G7M
Meu corpo viraria sol
       G4+(6)       Em7(9)
Minha mente viraria
         Em7(13)    Em7(9)
Mas só chove, chove
  Em7(13)    G7M
Chove, chove

     G4+(6)        G7M
Meu corpo viraria sol
       G4+(6)        Em7(9)
Minha mente viraria sol
         Em7(13)    Em7(9)
Mas só chove, chove
  Em7(13)
Chove, chove

( D9  D5(9)/C#  G6/B )
( D9  D5(9)/C#  G6/B )
( D5(9)  E/D  D5(9) )"
Os Paralamas Do Sucesso - Lanterna Dos Afogados,"[Intro] B9  B9(11+)  A#m  D#m7  
        B9  B9(11+)  A#m  D#m7 
        B9  B9(11+)  A#m  D#m7   
        E9

   B9       B9(11+)  A#m      D#m7
E|----------------------------------6-------|
B|-----7--------6--------6----------7-------|
G|---6--------6--------6----------6---------|
D|-9--------9--------8----------8-----------|
A|----------------------------6-------------|
E|------------------------------------------|

   E9
E|-7----7-----------------------------------|
B|-7----7-----------------------------------|
G|-9----9-----------------------------------|
D|-9----9-----------------------------------|
A|-7----7-----------------------------------|
E|-0----0-----------------------------------|
   ↓    ↑

[Primeira Parte]

             B9
Quando tá escuro
             B9(11+)
E ninguém te ouve
                A#m
Quando chega a noite
        D#m7
E você pode chorar
               B9
Há uma luz no túnel
            B9(11+)
Dos desesperados
               A#m
Há um cais de porto
             D#m7
Pra quem precisa chegar
             B9
Eu tô na lanterna
        B9(11+)
Dos afogados
              A#m
Eu tô te esperando
           D#m7       E9
Vê se não vai demorar

[Segunda Parte]

           B9
Uma noite longa
              B9(11+)
Pra uma vida curta
                 A#m
Mas já não me importa
         D#m7
Basta poder te ajudar
              B9
E são tantas marcas
              B9(11+)
Que já fazem parte
                A#m
Do que eu sou agora
           D#m7
Mas ainda sei me virar
             B9
Eu tô na lanterna
        B9(11+)
Dos afogados
              A#m
Eu tô te esperando
           D#m7       E9
Vê se não vai demorar

[Solo de Sax]  B5  C#5/G#  B5  C#5/G#
               A#5  B5  F#5

[Terceira Parte]

           B9
Uma noite longa
              B9(11+)
Pra uma vida curta
                 A#m
Mas já não me importa
         D#m7
Basta poder te ajudar
             B9
Eu tô na lanterna
        B9(11+)
Dos afogados
              A#m  D#m7
Eu tô te esperando

[Solo de Guitarra]

Parte 1 de 4
E|-----------------------------------------------------|
B|-14--------------------14----------------------------|
G|-13b15r13p11--13b15~------13b15r13~---13b15r13p11----|
D|-----------------------------------------------------|
A|--------------------------------------------------13~|
E|-----------------------------------------------------|

Parte 2 de 4
E|-------------------------14--------------------------|
B|------------------14b16-----14b16r14p11--14-14b16r14-|
G|-----11---10~----------------------------------------|
D|-----------------------------------------------------|
A|-/13----x--------------------------------------------|
E|-----------------------------------------------------|

E|-11-------13~---11-------14~------14----13~---11-----|
B|----14-11----------14-11-------11----11----------14--|
G|-----------------------------------------------------|
D|-----------------------------------------------------|
A|-----------------------------------------------------|
E|-----------------------------------------------------|

Parte 3 de 4
E|---------11-----------11-----------11----------------|
B|-b16r-------14b16r-------14b16r-------14b16r---------|
G|-----------------------------------------------------|
D|-----------------------------------------------------|
A|-----------------------------------------------------|
E|-----------------------------------------------------|

E|-11--------------------------------------------------|
B|----14b16---b16-b16-b16r-b15r--b16r--b16r--b16r--b16r|
G|-----------------------------------------------------|
D|-----------------------------------------------------|
A|-----------------------------------------------------|
E|-----------------------------------------------------|

E|--------------------------14-------------------------|
B|-b16r--b16r--b16r--b16-------14b16--14~--------------|
G|-----------------------------------------------------|
D|-----------------------------------------------------|
A|-----------------------------------------------------|
E|-----------------------------------------------------|

Parte 4 de 4
E|----19b21~---19-18-16--------------------------------|
B|-16-------------------19-16-19----16-19-16~----------|
G|-------------------------------18--------------------|
D|-----------------------------------------------------|
A|-----------------------------------------------------|
E|-----------------------------------------------------|"
Jota Quest - O Sol,"[Intro] A  E  G  D
        A  E  G  D

[Primeira Parte] 

A
Ei, dor
             E
Eu não te escuto mais
   G                  D
Você não me leva a nada
A
Ei, medo
             E
Eu não te escuto mais
   G                  D
Você não me leva a nada

[Refrão] 

A
  E se quiser saber
    E
Pra onde eu vou
    D
Pra onde tenha Sol
A
É pra lá que eu vou

A
  E se quiser saber
    E
Pra onde eu vou
    D
Pra onde tenha Sol
A
É pra lá que eu vou

( A  E  G  D )

[Primeira Parte] 

A
Ei, dor
             E
Eu não te escuto mais
   G                  D
Você não me leva a nada
A
Ei, medo
             E
Eu não te escuto mais
   G                  D
Você não me leva a nada

[Refrão] 

A
  E se quiser saber
    E
Pra onde eu vou
    D
Pra onde tenha Sol
A
É pra lá que eu vou

A
  E se quiser saber
    E
Pra onde eu vou
    D
Pra onde tenha Sol
A
É pra lá que eu vou

[Solo] G/A  A  G/A  A
       G/A  A  G/A  A

[Refrão] 

A
  E se quiser saber
    E
Pra onde eu vou
    D
Pra onde tenha Sol
A
É pra lá que eu vou

A
  E se quiser saber
    E
Pra onde eu vou
    D
Pra onde tenha Sol
A
É pra lá que eu vou"
O Rappa - A Feira,"[Intro] G  D  C
        G  D  C

[Refrão]

G         D                          C
É dia de feira, quarta-feira, sexta-feira

Não importa a feira  
G         D              C
É dia de feira, quem quiser pode chegar
G         D                          C
É dia de feira, quarta-feira, sexta-feira

Não importa a feira  
G         D              C
É dia de feira, quem quiser pode chegar

[Primeira Parte]

       G
Vem maluco, vem madame
        D
Vem Maurício, vem atriz
  C
Pra comprar comigo
       G
Vem maluco, vem madame
        D
Vem Maurício, vem atriz
  C
Pra levar comigo

[Segunda Parte]

 G             D
Tô vendendo ervas       
  C
Que curam e acalmam     
 G             D
Tô vendendo ervas       
        C
Que Aliviam e temperam  

[Terceira Parte]

C            G/B       Am
 Mas eu não sou autorizado
          D       Em
Quando o rapa chega

Eu quase sempre escapo
      A
Quem me fornece

É que ganha mais

A clientela é vasta, eu sei
C             G/B      Am
 Porque os remédios normais
     D         Em
Nem sempre amenizam a pressão
    A
Amenizam a pressão
    Em
Amenizam a pressão

( G  D  C )
( G  D  C )

[Refrão]

G         D                          C
É dia de feira, quarta-feira, sexta-feira

Não importa a feira  
G         D              C
É dia de feira, quem quiser pode chegar
G         D                          C
É dia de feira, quarta-feira, sexta-feira

Não importa a feira  
G         D              C
É dia de feira, quem quiser pode chegar

[Primeira Parte]

       G
Vem maluco, vem madame
        D
Vem Maurício, vem atriz
  C
Pra comprar comigo
       G
Vem maluco, vem madame
        D
Vem Maurício, vem atriz
  C
Pra levar comigo

[Segunda Parte]

 G             D
Tô vendendo ervas       
  C
Que curam e acalmam     
 G             D
Tô vendendo ervas       
        C
Que Aliviam e temperam  

 G             D
Tô vendendo ervas       
  C
Que curam e acalmam     
 G             D
Tô vendendo ervas       
        C
Que Aliviam e temperam  

[Terceira Parte]

C            G/B       Am
 Mas eu não sou autorizado
          D       Em
Quando o rapa chega

Eu quase sempre escapo
      A
Quem me fornece

É que ganha mais

A clientela é vasta, eu sei
C             G/B      Am
 Porque os remédios normais
     D         Em
Nem sempre amenizam a pressão
    A
Amenizam a pressão
    Em
Amenizam a pressão 
    A
Amenizam a pressão

[Ponte]

 B
Porque os remédios normais

Não amenizam, pressão
 B
Porque os remédios normais
                  
Não amenizam, pressão

 B
Porque os remédios normais

Não amenizam, pressão
 B
Porque os remédios normais

Não amenizam, pressão

 B
Porque os remédios normais

Não amenizam, pressão
 B
Porque os remédios normais

Não amenizam, pressão

[Refrão]

G         D                          C
É dia de feira, quarta-feira, sexta-feira

Não importa a feira  
G         D              C
É dia de feira, quem quiser pode chegar

G         D                          C
É dia de feira, quarta-feira, sexta-feira

Não importa a feira  
G         D              C
É dia de feira, quem quiser pode chegar

G         D                          C
É dia de feira, quarta-feira, sexta-feira

Não importa a feira  
G         D              C
É dia de feira, quem quiser pode chegar
G         D                          C
É dia de feira, quarta-feira, sexta-feira

Não importa a feira  
G         D              C
É dia de feira, quem quiser pode chegar"
Barão Vermelho - Pro Dia Nascer Feliz,"[Intro] A  D/A  F/A  E/A  D/A  A

[Tab - Intro]

   A              D/A
E|------------------------------------------|
B|-2--------------3-------------------------|
G|-2--------------2-------------------------|
D|-2--------------4-------------------------|
A|-0--0-0-0-0-0-0-0--0-0-0-0-0-0------------|
E|------------------------------------------|

   F/A E/A D/A     A
E|------------------------------------------|
B|-6---5---3-------2------------------------|
G|-5---4---2-------2------------------------|
D|-7---6---4-------2------------------------|
A|-0-0-0-0-0-0-0-0-0-0-0-0-0-0-0-0----------|
E|------------------------------------------|

[Primeira Parte]

[Tab - Primeira Parte]

   A    D/A  F/A
E|------0----0------------------------------|
B|-2----3----6------------------------------|
G|-2----2----5------------------------------|
D|-2----4----7------------------------------|
A|-0----0----0------------------------------|
E|------------------------------------------|

   D/A A
E|------------------------------------------|
B|-7---2------------------------------------|
G|-7---2------------------------------------|
D|-7---2------------------------------------|
A|-0-0-0-0-0-0-0-0-0-0-0-0-0-0-0-0----------|
E|------------------------------------------|

A               D/A
  Todo dia a insônia
                   F/A
Me convence que o céu
                    D/A  A
Faz tudo ficar infini___to
             D/A
E que a solidão
                     F/A
É pretensão de quem fica
                   D/A  A
Escondido fazendo fi___ta

[Segunda Parte]

[Tab - Segunda Parte]

   G
E|-----3-x-x-3---x-x---3-x-x-3---x-x--------|
B|-----3-x-x-3---x-x---3-x-x-3---x-x--------|
G|-----4-x-x-4---x-x---4-x-x-4---x-x--------|
D|-5-----------------5----------------------|
A|-5-----------------5----------------------|
E|-3-----------------3----------------------|

   F
E|-----5-x-x-6-5-x-----5-x-x-6-5-x----------|
B|-6---6-x-x-6-6-x-6---6-x-x-6-6-x----------|
G|-5-----x-x-5---x-5-----x-x-5---x----------|
D|------------------------------------------|
A|------------------------------------------|
E|------------------------------------------|

   G                 D/A
E|-----3-x-x-3---x-x-0--0-------------------|
B|-----3-x-x-3---x-x-3----3-----------------|
G|-----4-x-x-4---x-x-2------2---------------|
D|-5-----------------4--------4-------------|
A|-5-----------------0----------------------|
E|-3----------------------------------------|

   F4(7)                 F
E|-1--1-------1--1-------1--1---------------|
B|-1----1-----1----1-----1----1-------------|
G|-3------3---3------3---2------2-----------|
D|-1----------1----------3------------------|
A|-3----------3----------3------------------|
E|-1----------1----------1------------------|

G
  Todo dia tem a hora
             F   G
Da sessão coruja
                   D/A  F4(7)
Só entende quem namora

Agora ""vão bora""
   F                 A
Estamos bem por um triz

[Refrão]

[Tab - Refrão]

   A            G
E|--------------------3-x-x-3--x-x----------|
B|-2---2-2-x-2--------3-x-x-3--x-x----------|
G|-2---2-2-x-2--------4-x-x-4--x-x----------|
D|-2---2-4-x-2--x-5-------------------------|
A|-0---0-0-x-0--x-5-------------------------|
E|--------------x-3-------------------------|

   D             G
E|-x-2-3-x-3-2-x-----3-x-x-3--x-x-----------|
B|-x-3-3-x-3-3-x-----3-x-x-3--x-x-----------|
G|-x-2-2-x-2-2-x-----4-x-x-4--x-x-----------|
D|-x-0-0-x-0-0-x-5--------------------------|
A|---------------5--------------------------|
E|---------------3--------------------------|

   D             G
E|-x-2-3-x-3-2-x-----3-x-x-3--x-x-----------|
B|-x-3-3-x-3-3-x-----3-x-x-3--x-x-----------|
G|-x-2-2-x-2-2-x-----4-x-x-4--x-x-----------|
D|-x-0-0-x-0-0-x-5--------------------------|
A|---------------5--------------------------|
E|---------------3--------------------------|

   D             F/A
E|-x-2-x-x-2---x----------------------------|
B|-x-3-x-x-3---x-6-----6--------------------|
G|-x-2-x-x-2---x-5-----5--------------------|
D|-x-0-x-x-0---x-7-----7--------------------|
A|---------------0---0-0---0----------------|
E|------------------------------------------|

   A            G
E|--------------------3-x-x-3--x-x----------|
B|-2---2-2-x-2--------3-x-x-3--x-x----------|
G|-2---2-2-x-2--------4-x-x-4--x-x----------|
D|-2---2-4-x-2--x-5-------------------------|
A|-0---0-0-x-0--x-5-------------------------|
E|--------------x-3-------------------------|

   D             G
E|-x-2-3-3-3-2-x-----3-x-x-3--x-x-----------|
B|-x-3-3-3-3-3-x-----3-x-x-3--x-x-----------|
G|-x-2-2-2-2-2-x-----4-x-x-4--x-x-----------|
D|-x-0-0-0-0-0-x-5--------------------------|
A|---------------5--------------------------|
E|---------------3--------------------------|

   D             G
E|-x-2-3-x-3-2-x-----3-x-x-3--x-x-----------|
B|-x-3-3-x-3-3-x-----3-x-x-3--x-x-----------|
G|-x-2-2-x-2-2-x-----4-x-x-4--x-x-----------|
D|-x-0-0-x-0-0-x-5--------------------------|
A|---------------5--------------------------|
E|---------------3--------------------------|

   D             F/A
E|-x-2-x-x-2---x----------------------------|
B|-x-3-x-x-3---x-6-----6--------------------|
G|-x-2-x-x-2---x-5-----5--------------------|
D|-x-0-x-x-0---x-7-----7--------------------|
A|---------------0---0-0---0----------------|
E|------------------------------------------|

   A
E|------------------------------------------|
B|------------------------------------------|
G|-2----------------------------------------|
D|-2----------------------------------------|
A|-0--0-0-0-0-0-0-0-0-0-0-0-0-0-0-----------|
E|------------------------------------------|

     G            D  G
Pro dia nascer feliz
                  D  G
Pro dia nascer feliz
                        D
O mundo inteiro acordar
              F/A     A
E a gente dormir, dormir
     G            D  G
Pro dia nascer feliz
                       D  G
Essa é a vida que eu quis
                     D
O mundo inteiro acordar
              F/A  A
E a gente dormir

[Terceira Parte]

A             D/A
  Todo dia é dia
                    F/A
E tudo em nome do amor 
                           D/A  A
Ah! Essa é a vida que eu quis
            D/A
Procurando vaga
                         F/A
Uma hora aqui, a outra ali
                           D/A  A
No vai e vem dos teus quadris

[Quarta Parte]

G                      F    G
  Nadando contra a corrente
              F  G
Só pra exercitar
                    F4(7)
Todo o músculo que sente
    F                    A
Me dê de presente o teu bis

[Refrão]

Pro dia nascer feliz

Pro dia nascer feliz

O mundo inteiro acordar
                      F/A  A
E a gente dormir, dormir
               
     G            D  G
Pro dia nascer feliz
                  D  G
Pro dia nascer feliz
                        D
O mundo inteiro acordar
              F/A  A
E a gente dormir

( A ) 

[Tab - Interlúdio]

E|---------0--------------------------------|
B|-------5---5------------------------------|
G|-----6-------6----------------------------|
D|---7-----------7--------------------------|
A|-0----------------------------------------|
E|------------------------------------------|

E|---------0--------------------------------|
B|-----------3------------------------------|
G|-------2-----2----------------------------|
D|----5----------5--------------------------|
A|-0----------------------------------------|
E|------------------------------------------|

E|---------0--------------------------------|
B|-----------2------------------------------|
G|-------2-----2----------------------------|
D|----4----------4--------------------------|
A|-0----------------------------------------|
E|------------------------------------------|

E|---------0--------------------------------|
B|-------5---5------------------------------|
G|-----6-------6----------------------------|
D|---7-----------7--------------------------|
A|-0----------------------------------------|
E|------------------------------------------|

[Quinta Parte]

A             D/A
  Todo dia é dia
                  F/A
Tudo em nome do amor
                           D/A  A
Ah, essa é a vida que eu quis
            D/A
Procurando vaga
                         F/A
Uma hora aqui, a outra ali
                           D/A  A
No vai e vem dos teus quadris

[Sexta Parte]

G                      F    G
  Nadando contra a corrente
              F  G
Só pra exercitar
                    F4(7)
Todo o músculo que sente
    F                    A
Me dê de presente o teu bis

[Refrão]


Pro dia nascer feliz

Pro dia nascer feliz

O mundo inteiro acordar
                      F/A  A
E a gente dormir, dormir
     G
Pro dia nascer feliz

Pro dia nascer feliz

O mundo inteiro acordar
              
E a gente dormir

[Solo] A  G  D/F#  G

[Tab - Solo]

E|-12b-------12--12--12--12----------------------------|
B|-12b13----b13-b13-b13-b13r12p10----10~---10~\--------|
G|--------------------------------11-------------------|
D|-----------------------------------------------------|
A|-----------------------------------------------------|
E|-----------------------------------------------------|

E|-----------------------------------------------------|
B|-----------------------------------------------------|
G|-------------------------9b11r9--7-------------------|
D|-------7---9b10-9-7~---7-----------9b10r9-7----------|
A|-7-7/9---9-------------------------------------------|
E|-----------------------------------------------------|

E|-----------------------------------------------------|
B|-----------------------------------------------------|
G|-----9-------7-------6-------7-------9-------7---6-6-|
D|-7-------7-7-----7-7-----7-7-----7-7-----7-7---------|
A|-----------------------------------------------------|
E|-----------------------------------------------------|

E|-----------------------------------------------------|
B|-----------------------------------------------------|
G|-6------7b9r7p6-7p6----------------------------------|
D|---7-5--------------7-5-4-5p4------------------------|
A|------------------------------7-5-/4-----------------|
E|-------------------------------------5-5-------------|

E|-----------------------------------------------------|
B|-----------------------------------------------------|
G|--------------5b-------------------------------------|
D|-----5---7-7~----------------------------------------|
A|-5/7---7---------------------------------------------|
E|-----------------------------------------------------|

E|-----5-5----5-5----5-5----5-5----5-5-8b--------------|
B|-----5-5----5-5----5-5----5-5----5-5-----------------|
G|-7b------7b-----7b-----7b-----7b---------------------|
D|-----------------------------------------------------|
A|-----------------------------------------------------|
E|-----------------------------------------------------|

E|-5---------------------------------------------------|
B|---5-8b-5-------------------8---10-10~---/10-13-10---|
G|----------7b9r7p5---7~~--/9---9----------------------|
D|------------------7----------------------------------|
A|-----------------------------------------------------|
E|-----------------------------------------------------|

E|-----------------------------------------------------|
B|-15b17-15b17-15b17-------13-13-13~--------13---------|
G|---------------------/14------------12-14------------|
D|-----------------------------------------------------|
A|-----------------------------------------------------|
E|-----------------------------------------------------|

E|-----------------------------------------------------|
B|-15b17---b17-b17-b17-b17r15p13--15b17---b17-b17-b17--|
G|-----------------------------------------------------|
D|-----------------------------------------------------|
A|-----------------------------------------------------|
E|-----------------------------------------------------|

E|-----------------------------------------------------|
B|-b17r15p13---15b17---b17-b17-b17-b17r15p13--15b17~~--|
G|-----------------------------------------------------|
D|-----------------------------------------------------|
A|-----------------------------------------------------|
E|-----------------------------------------------------|

E|-----17----17-17-17-17-17------17-22b24--------------|
B|-/19----19-----------------/19-----------------------|
G|-----------------------------------------------------|
D|-----------------------------------------------------|
A|-----------------------------------------------------|
E|-----------------------------------------------------|

[Final] A  D/A  F/A  E9/A  D/A
        A  D/A  F/A  E9/A  D/A  A"
Aha - Take On Me,
Linkin Park - In the End,
Creed - My Sacrifice,
Queen - Crazy Little Thing Called Love,"[Intro] D  D4  D  D4
        D  D4  D  D4  D

[Primeira Parte]

       D   D4  D             D4  D              
This thing,      called love
   G          C     G
I just can't handle it
       D   D4  D             D4  D              
This thing,      called love
   G         C       G
I must, get round to it
          D      
I ain't ready
  Bb5          C5          D
Crazy little thing called love

       D   D4  D             D4  D              
This thing,      called love
     G           C         G
It cries, in a cradle all night
     D    D4  D          D4  D             
It swings,      it jives
     G                    C    G
It shakes all overlike a jellyfish
         D       
I kinda like it
  Bb5          C5          D
Crazy little thing called love

[Ponte]

               G          
There goes my baby
      C                    G
She knows how to rock and roll
                Bb5                         
She drives me crazy
              E
She gives me hot and cold fever
     A                              
She leaves me in a cool
           E  (Riff 1)
Cool sweat

[Tab - Riff 1]

                E
E|------------------------------------------|
B|--------------5-5-5-5-5-5-----------------|
G|--------------4-4-4-4-4-4--2-2------------|
D|-------------------------------5-5-4-4-2--|
A|-5-4-3------------------------------------|
E|--------5-4-3-----------------------------|

[Segunda Parte]

            D   D4  D       D4  D 
I gotta be cool,      relax
     G       C       G
Get hip, get on my tracks
        D        D4  D            D4  D
Take a back seat,      hitch-hike
     G                      C     G        
And take a long ride on my motor bike
           D
Until I'm ready
  Bb5          C5          D
Crazy little thing called love

[Solo] Bb  D  Bb 
       E  A  E (Riff 2)

[Tab - Solo]

E|-9/10--10--10--10--10--10-----------------|
B|-9/10------10--10--10--10-----------------|
G|------------------------------------------|
D|------------------------------------------|
A|------------------------------------------|
E|------------------------------------------|

E|---------------------------------------13-|
B|-13b15-b15-b15r13p11-13-11~------13b15----|
G|------------------------------------------|
D|------------------------------------------|
A|------------------------------------------|
E|------------------------------------------|

E|-9/10-10-10-------------------------10-10-|
B|-9/10----10--12--10-----------10-12----10-|
G|-------------12--10h11--10h11-------------|
D|------------------------------------------|
A|------------------------------------------|
E|------------------------------------------|

E|-------13-------13----------------------13|
B|-13b15----13b15----15r13p11-13-11-13b15---|
G|------------------------------------------|
D|------------------------------------------|
A|------------------------------------------|
E|------------------------------------------|

E|-11/12-12----12---------------------------|
B|-11/12----15----14------------------------|
G|-------------------14-11-----14-14--------|
D|-------------------------14---------------|
A|------------------------------------------|
E|------------------------------------------|

E|------------------------------------------|
B|------------------------------------------|
G|-16b18r16p14-16-14------------------------|
D|------------------------------------------|
A|------------------------------------------|
E|------------------------------------------|

[Tab - Riff 2]

                   E
E|-------------------0-0-0-0-0-0------------|
B|-------------------0-0-0-0-0-0------------|
G|-------------------1-1-1-1-1-1------------|
D|-------------------2-2-2-2-2-2------------|
A|-5-4-3-------------2-2-2-2-2-2----0-------|
E|----------5-4-3----0-0-0-0-0-0------------|

[Segunda Parte]

I gotta be cool, relax
Get hip, get on my tracks
Take a back seat, hitch-hike
And take a long ride
On my motor bike
Until I'm ready
Crazy little thing called love

[Primeira Parte]

       D   D4  D             D4  D              
This thing,      called love
   G            C     G
I just  can't  handle it
       D   D4  D             D4  D              
This thing,      called love
   G         C       G
I must, get round to it
          D      
I ain't ready
  Bb5          C5          D
Crazy little thing called love

[Refrão Final]

  Bb5          C5          D
Crazy little thing called love
  Bb5          C5          D
Crazy little thing called love
  Bb5          C5          D
Crazy little thing called love
  Bb5          C5          D
Crazy little thing called love

  Bb5          C5          D
Crazy little thing called love
  Bb5          C5          D
Crazy little thing called love
  Bb5          C5          D
Crazy little thing called love"
Roupa Nova - Whisky a Go-Go,
Lulu Santos - Dancin Days,"D A/C# Bm A G F#m Em F#m G A

[Verse 1]
D                      Bb
Abra suas asas, solte suas feras
            G    A            D    A
Caia na gandaia, entre nessa festa
             D                 Bb
E leve com você seu sonho mais louco
                   G    A             D     A
Eu quero ver seu corpo lindo, leve e solto

[Pre-chorus]
            D    A/C#  Bm       A
A gente às vezes sente, sofre, dança
 G            F#m  Em F#m G A
Sem querer dançar
         D    A/C#  Bm
A nossa festa vale tudo
 A          G       F#m   Em    A
Vale ser alguém como eu, como você

[Verse 1]
              D              Bb
Abra suas asas, solte suas feras
            G   A            D     A
Caia na gandaia, entre nessa festa
             D                   Bb
E leve com você seu sonho mais louco
                   G    A             D     A
Eu quero ver seu corpo lindo, leve e solto

[Pre-chorus]
            D    A/C#  Bm       A
A gente às vezes sente, sofre, dança
 G            F#m  Em F#m G A
Sem querer dançar
         D    A/C#  Bm
A nossa festa vale tudo
 A          G       F#m   Em    A
Vale ser alguém como eu, como você

[Chorus]
D
Dance bem, dance mal
D
Dance sem parar
D
Dance bem, dance até
D                  A
Sem saber dançar
D
Dance bem, dance mal
D
Dance sem parar
D
Dance bem, dance até
D
Sem saber dançar

[outro]
D A/C# Bm A G F#m Em F#m G A
D A/C# Bm A G F#m Em F#m G A  D"
Legião Urbana - Será,
Mamonas Assassinas - Chopis Centis,
A Turma Do Balão Mágico - Superfantastico (Super Fantastico) (feat. Djavan),
O Rappa - Pescador de ilusões,
Legião Urbana - Pais e Filhos,"[Tab - Dedilhado Intro]

E|------------8---5---7-----7--------------|
B|-1-3--5----------------------------------|
G|--------0-----0---0-----0---0------------|
D|----------0-----4-----0------------------|
A|-0-2--3----------------------------------|
E|-----------------------------------------|

[Tab - Dedilhado Primeira Parte]

E|------------8---5---7-----7--------------|
B|-1-3--5----------------------------------|
G|--------0-----0---0-----0---0------------| (4x)
D|----------0-----4-----0------------------|
A|-0-2--3----------------------------------|
E|-----------------------------------------|

E|------------8---5------------------------|
B|-1-3--5----------------------------------|
G|--------0-----0--------------------------|
D|----------0-----4------------------------|
A|-0-2--3----------------------------------|
E|-----------------------------------------|

[Primeira parte] 

Estátuas e cofres

E paredes pintadas

Ninguém sabe

O que aconteceu

Ela se jogou da janela

Do quinto andar

Nada é fácil de entender

[Segunda Parte]

[Tab - Dedilhado - Segunda Parte]

   F9           Em            C          
E|-3----3---3---3----3---3----0--0--0-------|
B|-1--1---1---1-0--0---0---0--1-1--1--1-----|
G|-2------------0-------------0-------------|
D|-3------------2-------------2-------------|
A|----------------------------3-------------|
E|------------------------------------------|

   Bm         Am7         Am7
E|-2---2---2---3---3---3---3---3---3--------|
B|-3-3---3---3-1-1---1---1-1-1---1---1------|
G|-4-----------0-----------0----------------|
D|-4-----------2-----------2----------------|
A|-2-----------0-----------0----------------|
E|------------------------------------------|
 
   D           D
E|-5---5---5---5---5---5--------------------|
B|-3-3---3---3-3-3---3---3------------------|
G|-2-----------2----------------------------|
D|-0-----------0----------------------------|
A|------------------------------------------|
E|------------------------------------------|

F9         Em  C
   Dorme agora
Bm       Am7
Uhmhumm!
                 D
É só o vento lá fora

[Terceira parte] 
 
C        D     G
  Quero colo, vou fugir de casa
 C        D        G
Posso dormir aqui com vocês
C        D        G
  Estou com medo tive um pesadelo
C         D        G
  Só vou voltar depois das três

( C  D )

[Quarta Parte]

[Tab - Dedilhado - Segunda Parte]

   F9           Em            C          
E|-3----3---3---3----3---3----0--0--0-------|
B|-1--1---1---1-0--0---0---0--1-1--1--1-----|
G|-2------------0-------------0-------------|
D|-3------------2-------------2-------------|
A|----------------------------3-------------|
E|------------------------------------------|

   Bm         Am7         Am7
E|-2---2---2---3---3---3---3---3---3--------|
B|-3-3---3---3-1-1---1---1-1-1---1---1------|
G|-4-----------0-----------0----------------|
D|-4-----------2-----------2----------------|
A|-2-----------0-----------0----------------|
E|------------------------------------------|
 
   D           D
E|-5---5---5---5---5---5--------------------|
B|-3-3---3---3-3-3---3---3------------------|
G|-2-----------2----------------------------|
D|-0-----------0----------------------------|
A|------------------------------------------|
E|------------------------------------------|

F9      Em        C
   Meu filho vai ter
         Bm
Nome de santo
Am7
Uhhmm
              D
Quero o nome mais bonito

[Refrão] 

      G     C
É preciso amar as pessoas
      Em                  C
Como se não houvesse amanhã
           G      C          Em
Porque se você parar pra pensar
                C  G
Na verdade não há

[Quinta parte]

    G
Me diz, por que que o céu é azul

Explica a grande fúria do mundo

São meus filhos que tomam conta de mim

Eu moro com a minha mãe mas meu pai vem me visitar

Eu moro na rua não tenho ninguém

Eu moro em qualquer lugar

Já morei em tanta casa que nem me lembro mais
                C
Eu moro com os meus pais

[Refrão Final] 

[Tab - Refrão Final]

E|-------8---------10-------------7-7/-10--12-10-----|
B|---------8----------10--------8---7/-10------------|
G|-7-7/9-----9-9/11------11\7-7-----7/-10------------| (8x)
D|---------------------------------------------------|
A|---------------------------------------------------|
E|---------------------------------------------------|
      G     C
É preciso amar as pessoas
      Em                  C
Como se não houvesse amanhã
           G      C            Em
Porque se você parar pra pensar
                C  
Na verdade não há

 G                  C
Sou uma gota d'água
 Em                C
Sou um grão de areia
         G
Você me diz que seus pais
       C
Não entendem
       Em                  C
Mas você não entende seus pais

      G
Você culpa seus pais por tudo

Isso é absurdo

São crianças como você

O que você vai ser

Quando você crescer?"
